Folder,Base,Mixed,BaseValue,MixedValue,Difference
10272_results,Top5Similarity,Top5Similarity+Max Comp,100,35,-65
10272_results,Top5Similarity,Top5Similarity+Min Comp,100,33,-67
10272_results,Top5Similarity,Top5Similarity+Centroids_saturation_high,100,73,-27
10272_results,Top5Similarity,Top5Similarity+Centroids_saturation_medium,100,71,-29
10272_results,Top5Similarity,Top5Similarity+Centroids_saturation_low,100,58,-42
10272_results,Top5Similarity,Top5Similarity+Random,100,91,-9
10272_results,Top5Similarity,Top5Similarity+LHS,100,78,-22
10272_results,Top5Similarity,Top5Similarity+K-Means,100,52,-48
10272_results,Top5Similarity,Top5Similarity+Farthest,100,100,0
10272_results,Top5Similarity,Top5Similarity+ODAL,100,74,-26
10272_results,Top5Similarity,Top5Similarity+K-Center,100,44,-56
10272_results,Max Comp,Max Comp+Top5Similarity,100,35,-65
10272_results,Max Comp,Max Comp+Min Comp,100,40,-60
10272_results,Max Comp,Max Comp+Centroids_saturation_high,100,84,-16
10272_results,Max Comp,Max Comp+Centroids_saturation_medium,100,100,0
10272_results,Max Comp,Max Comp+Centroids_saturation_low,100,100,0
10272_results,Max Comp,Max Comp+Random,100,100,0
10272_results,Max Comp,Max Comp+LHS,100,48,-52
10272_results,Max Comp,Max Comp+K-Means,100,42,-58
10272_results,Max Comp,Max Comp+Farthest,100,50,-50
10272_results,Max Comp,Max Comp+ODAL,100,38,-62
10272_results,Max Comp,Max Comp+K-Center,100,53,-47
10272_results,Min Comp,Min Comp+Top5Similarity,37,33,-4
10272_results,Min Comp,Min Comp+Max Comp,37,40,3
10272_results,Min Comp,Min Comp+Centroids_saturation_high,37,46,9
10272_results,Min Comp,Min Comp+Centroids_saturation_medium,37,46,9
10272_results,Min Comp,Min Comp+Centroids_saturation_low,37,100,63
10272_results,Min Comp,Min Comp+Random,37,42,5
10272_results,Min Comp,Min Comp+LHS,37,41,4
10272_results,Min Comp,Min Comp+K-Means,37,50,13
10272_results,Min Comp,Min Comp+Farthest,37,37,0
10272_results,Min Comp,Min Comp+ODAL,37,100,63
10272_results,Min Comp,Min Comp+K-Center,37,37,0
10272_results,Centroids_saturation_high,Centroids_saturation_high+Top5Similarity,100,73,-27
10272_results,Centroids_saturation_high,Centroids_saturation_high+Max Comp,100,84,-16
10272_results,Centroids_saturation_high,Centroids_saturation_high+Min Comp,100,46,-54
10272_results,Centroids_saturation_high,Centroids_saturation_high+Centroids_saturation_medium,100,100,0
10272_results,Centroids_saturation_high,Centroids_saturation_high+Centroids_saturation_low,100,100,0
10272_results,Centroids_saturation_high,Centroids_saturation_high+Random,100,62,-38
10272_results,Centroids_saturation_high,Centroids_saturation_high+LHS,100,78,-22
10272_results,Centroids_saturation_high,Centroids_saturation_high+K-Means,100,60,-40
10272_results,Centroids_saturation_high,Centroids_saturation_high+Farthest,100,53,-47
10272_results,Centroids_saturation_high,Centroids_saturation_high+ODAL,100,82,-18
10272_results,Centroids_saturation_high,Centroids_saturation_high+K-Center,100,50,-50
10272_results,Centroids_saturation_medium,Centroids_saturation_medium+Top5Similarity,100,71,-29
10272_results,Centroids_saturation_medium,Centroids_saturation_medium+Max Comp,100,100,0
10272_results,Centroids_saturation_medium,Centroids_saturation_medium+Min Comp,100,46,-54
10272_results,Centroids_saturation_medium,Centroids_saturation_medium+Centroids_saturation_high,100,100,0
10272_results,Centroids_saturation_medium,Centroids_saturation_medium+Centroids_saturation_low,100,100,0
10272_results,Centroids_saturation_medium,Centroids_saturation_medium+Random,100,69,-31
10272_results,Centroids_saturation_medium,Centroids_saturation_medium+LHS,100,90,-10
10272_results,Centroids_saturation_medium,Centroids_saturation_medium+K-Means,100,56,-44
10272_results,Centroids_saturation_medium,Centroids_saturation_medium+Farthest,100,53,-47
10272_results,Centroids_saturation_medium,Centroids_saturation_medium+ODAL,100,90,-10
10272_results,Centroids_saturation_medium,Centroids_saturation_medium+K-Center,100,52,-48
10272_results,Centroids_saturation_low,Centroids_saturation_low+Top5Similarity,100,58,-42
10272_results,Centroids_saturation_low,Centroids_saturation_low+Max Comp,100,100,0
10272_results,Centroids_saturation_low,Centroids_saturation_low+Min Comp,100,100,0
10272_results,Centroids_saturation_low,Centroids_saturation_low+Centroids_saturation_high,100,100,0
10272_results,Centroids_saturation_low,Centroids_saturation_low+Centroids_saturation_medium,100,100,0
10272_results,Centroids_saturation_low,Centroids_saturation_low+Random,100,100,0
10272_results,Centroids_saturation_low,Centroids_saturation_low+LHS,100,81,-19
10272_results,Centroids_saturation_low,Centroids_saturation_low+K-Means,100,100,0
10272_results,Centroids_saturation_low,Centroids_saturation_low+Farthest,100,57,-43
10272_results,Centroids_saturation_low,Centroids_saturation_low+ODAL,100,94,-6
10272_results,Centroids_saturation_low,Centroids_saturation_low+K-Center,100,47,-53
10272_results,Random,Random+Top5Similarity,100,69,-31
10272_results,Random,Random+Max Comp,100,100,0
10272_results,Random,Random+Min Comp,100,42,-58
10272_results,Random,Random+Centroids_saturation_high,100,62,-38
10272_results,Random,Random+Centroids_saturation_medium,100,69,-31
10272_results,Random,Random+Centroids_saturation_low,100,100,0
10272_results,Random,Random+LHS,100,56,-44
10272_results,Random,Random+K-Means,100,48,-52
10272_results,Random,Random+Farthest,100,100,0
10272_results,Random,Random+ODAL,100,56,-44
10272_results,Random,Random+K-Center,100,52,-48
10272_results,LHS,LHS+Top5Similarity,62,78,16
10272_results,LHS,LHS+Max Comp,62,48,-14
10272_results,LHS,LHS+Min Comp,62,41,-21
10272_results,LHS,LHS+Centroids_saturation_high,62,78,16
10272_results,LHS,LHS+Centroids_saturation_medium,62,90,28
10272_results,LHS,LHS+Centroids_saturation_low,62,81,19
10272_results,LHS,LHS+Random,62,56,-6
10272_results,LHS,LHS+K-Means,62,45,-17
10272_results,LHS,LHS+Farthest,62,41,-21
10272_results,LHS,LHS+ODAL,62,59,-3
10272_results,LHS,LHS+K-Center,62,40,-22
10272_results,K-Means,K-Means+Top5Similarity,100,52,-48
10272_results,K-Means,K-Means+Max Comp,100,42,-58
10272_results,K-Means,K-Means+Min Comp,100,50,-50
10272_results,K-Means,K-Means+Centroids_saturation_high,100,60,-40
10272_results,K-Means,K-Means+Centroids_saturation_medium,100,56,-44
10272_results,K-Means,K-Means+Centroids_saturation_low,100,100,0
10272_results,K-Means,K-Means+Random,100,50,-50
10272_results,K-Means,K-Means+LHS,100,45,-55
10272_results,K-Means,K-Means+Farthest,100,38,-62
10272_results,K-Means,K-Means+ODAL,100,57,-43
10272_results,K-Means,K-Means+K-Center,100,48,-52
10272_results,Farthest,Farthest+Top5Similarity,100,100,0
10272_results,Farthest,Farthest+Max Comp,100,54,-46
10272_results,Farthest,Farthest+Min Comp,100,37,-63
10272_results,Farthest,Farthest+Centroids_saturation_high,100,53,-47
10272_results,Farthest,Farthest+Centroids_saturation_medium,100,53,-47
10272_results,Farthest,Farthest+Centroids_saturation_low,100,57,-43
10272_results,Farthest,Farthest+Random,100,100,0
10272_results,Farthest,Farthest+LHS,100,41,-59
10272_results,Farthest,Farthest+K-Means,100,38,-62
10272_results,Farthest,Farthest+ODAL,100,100,0
10272_results,Farthest,Farthest+K-Center,100,100,0
10272_results,ODAL,ODAL+Top5Similarity,100,74,-26
10272_results,ODAL,ODAL+Max Comp,100,38,-62
10272_results,ODAL,ODAL+Min Comp,100,100,0
10272_results,ODAL,ODAL+Centroids_saturation_high,100,82,-18
10272_results,ODAL,ODAL+Centroids_saturation_medium,100,90,-10
10272_results,ODAL,ODAL+Centroids_saturation_low,100,94,-6
10272_results,ODAL,ODAL+Random,100,56,-44
10272_results,ODAL,ODAL+LHS,100,59,-41
10272_results,ODAL,ODAL+K-Means,100,57,-43
10272_results,ODAL,ODAL+Farthest,100,100,0
10272_results,ODAL,ODAL+K-Center,100,100,0
10272_results,K-Center,K-Center+Top5Similarity,44,44,0
10272_results,K-Center,K-Center+Max Comp,44,53,9
10272_results,K-Center,K-Center+Min Comp,44,37,-7
10272_results,K-Center,K-Center+Centroids_saturation_high,44,50,6
10272_results,K-Center,K-Center+Centroids_saturation_medium,44,52,8
10272_results,K-Center,K-Center+Centroids_saturation_low,44,47,3
10272_results,K-Center,K-Center+Random,44,52,8
10272_results,K-Center,K-Center+LHS,44,40,-4
10272_results,K-Center,K-Center+K-Means,44,48,4
10272_results,K-Center,K-Center+Farthest,44,100,56
10272_results,K-Center,K-Center+ODAL,44,100,56
10275_results,Top5Similarity,Top5Similarity+Max Comp,100,100,0
10275_results,Top5Similarity,Top5Similarity+Min Comp,100,80,-20
10275_results,Top5Similarity,Top5Similarity+Centroids_saturation_high,100,98,-2
10275_results,Top5Similarity,Top5Similarity+Centroids_saturation_medium,100,100,0
10275_results,Top5Similarity,Top5Similarity+Centroids_saturation_low,100,100,0
10275_results,Top5Similarity,Top5Similarity+Random,100,100,0
10275_results,Top5Similarity,Top5Similarity+LHS,100,81,-19
10275_results,Top5Similarity,Top5Similarity+K-Means,100,83,-17
10275_results,Top5Similarity,Top5Similarity+Farthest,100,100,0
10275_results,Top5Similarity,Top5Similarity+ODAL,100,92,-8
10275_results,Top5Similarity,Top5Similarity+K-Center,100,76,-24
10275_results,Max Comp,Max Comp+Top5Similarity,100,100,0
10275_results,Max Comp,Max Comp+Min Comp,100,100,0
10275_results,Max Comp,Max Comp+Centroids_saturation_high,100,47,-53
10275_results,Max Comp,Max Comp+Centroids_saturation_medium,100,49,-51
10275_results,Max Comp,Max Comp+Centroids_saturation_low,100,100,0
10275_results,Max Comp,Max Comp+Random,100,100,0
10275_results,Max Comp,Max Comp+LHS,100,45,-55
10275_results,Max Comp,Max Comp+K-Means,100,73,-27
10275_results,Max Comp,Max Comp+Farthest,100,74,-26
10275_results,Max Comp,Max Comp+ODAL,100,100,0
10275_results,Max Comp,Max Comp+K-Center,100,97,-3
10275_results,Min Comp,Min Comp+Top5Similarity,100,80,-20
10275_results,Min Comp,Min Comp+Max Comp,100,100,0
10275_results,Min Comp,Min Comp+Centroids_saturation_high,100,100,0
10275_results,Min Comp,Min Comp+Centroids_saturation_medium,100,93,-7
10275_results,Min Comp,Min Comp+Centroids_saturation_low,100,94,-6
10275_results,Min Comp,Min Comp+Random,100,100,0
10275_results,Min Comp,Min Comp+LHS,100,92,-8
10275_results,Min Comp,Min Comp+K-Means,100,100,0
10275_results,Min Comp,Min Comp+Farthest,100,100,0
10275_results,Min Comp,Min Comp+ODAL,100,100,0
10275_results,Min Comp,Min Comp+K-Center,100,100,0
10275_results,Centroids_saturation_high,Centroids_saturation_high+Top5Similarity,100,98,-2
10275_results,Centroids_saturation_high,Centroids_saturation_high+Max Comp,100,47,-53
10275_results,Centroids_saturation_high,Centroids_saturation_high+Min Comp,100,100,0
10275_results,Centroids_saturation_high,Centroids_saturation_high+Centroids_saturation_medium,100,100,0
10275_results,Centroids_saturation_high,Centroids_saturation_high+Centroids_saturation_low,100,100,0
10275_results,Centroids_saturation_high,Centroids_saturation_high+Random,100,100,0
10275_results,Centroids_saturation_high,Centroids_saturation_high+LHS,100,100,0
10275_results,Centroids_saturation_high,Centroids_saturation_high+K-Means,100,100,0
10275_results,Centroids_saturation_high,Centroids_saturation_high+Farthest,100,99,-1
10275_results,Centroids_saturation_high,Centroids_saturation_high+ODAL,100,100,0
10275_results,Centroids_saturation_high,Centroids_saturation_high+K-Center,100,100,0
10275_results,Centroids_saturation_medium,Centroids_saturation_medium+Top5Similarity,100,100,0
10275_results,Centroids_saturation_medium,Centroids_saturation_medium+Max Comp,100,49,-51
10275_results,Centroids_saturation_medium,Centroids_saturation_medium+Min Comp,100,93,-7
10275_results,Centroids_saturation_medium,Centroids_saturation_medium+Centroids_saturation_high,100,100,0
10275_results,Centroids_saturation_medium,Centroids_saturation_medium+Centroids_saturation_low,100,100,0
10275_results,Centroids_saturation_medium,Centroids_saturation_medium+Random,100,93,-7
10275_results,Centroids_saturation_medium,Centroids_saturation_medium+LHS,100,100,0
10275_results,Centroids_saturation_medium,Centroids_saturation_medium+K-Means,100,100,0
10275_results,Centroids_saturation_medium,Centroids_saturation_medium+Farthest,100,98,-2
10275_results,Centroids_saturation_medium,Centroids_saturation_medium+ODAL,100,90,-10
10275_results,Centroids_saturation_medium,Centroids_saturation_medium+K-Center,100,97,-3
10275_results,Centroids_saturation_low,Centroids_saturation_low+Top5Similarity,86,100,14
10275_results,Centroids_saturation_low,Centroids_saturation_low+Max Comp,86,100,14
10275_results,Centroids_saturation_low,Centroids_saturation_low+Min Comp,86,94,8
10275_results,Centroids_saturation_low,Centroids_saturation_low+Centroids_saturation_high,86,100,14
10275_results,Centroids_saturation_low,Centroids_saturation_low+Centroids_saturation_medium,86,100,14
10275_results,Centroids_saturation_low,Centroids_saturation_low+Random,86,95,9
10275_results,Centroids_saturation_low,Centroids_saturation_low+LHS,86,100,14
10275_results,Centroids_saturation_low,Centroids_saturation_low+K-Means,86,100,14
10275_results,Centroids_saturation_low,Centroids_saturation_low+Farthest,86,100,14
10275_results,Centroids_saturation_low,Centroids_saturation_low+ODAL,86,89,3
10275_results,Centroids_saturation_low,Centroids_saturation_low+K-Center,86,93,7
10275_results,Random,Random+Top5Similarity,100,100,0
10275_results,Random,Random+Max Comp,100,100,0
10275_results,Random,Random+Min Comp,100,100,0
10275_results,Random,Random+Centroids_saturation_high,100,100,0
10275_results,Random,Random+Centroids_saturation_medium,100,93,-7
10275_results,Random,Random+Centroids_saturation_low,100,95,-5
10275_results,Random,Random+LHS,100,46,-54
10275_results,Random,Random+K-Means,100,100,0
10275_results,Random,Random+Farthest,100,100,0
10275_results,Random,Random+ODAL,100,44,-56
10275_results,Random,Random+K-Center,100,75,-25
10275_results,LHS,LHS+Top5Similarity,100,81,-19
10275_results,LHS,LHS+Max Comp,100,45,-55
10275_results,LHS,LHS+Min Comp,100,100,0
10275_results,LHS,LHS+Centroids_saturation_high,100,100,0
10275_results,LHS,LHS+Centroids_saturation_medium,100,100,0
10275_results,LHS,LHS+Centroids_saturation_low,100,100,0
10275_results,LHS,LHS+Random,100,46,-54
10275_results,LHS,LHS+K-Means,100,100,0
10275_results,LHS,LHS+Farthest,100,100,0
10275_results,LHS,LHS+ODAL,100,83,-17
10275_results,LHS,LHS+K-Center,100,100,0
10275_results,K-Means,K-Means+Top5Similarity,100,83,-17
10275_results,K-Means,K-Means+Max Comp,100,73,-27
10275_results,K-Means,K-Means+Min Comp,100,100,0
10275_results,K-Means,K-Means+Centroids_saturation_high,100,100,0
10275_results,K-Means,K-Means+Centroids_saturation_medium,100,100,0
10275_results,K-Means,K-Means+Centroids_saturation_low,100,100,0
10275_results,K-Means,K-Means+Random,100,100,0
10275_results,K-Means,K-Means+LHS,100,100,0
10275_results,K-Means,K-Means+Farthest,100,91,-9
10275_results,K-Means,K-Means+ODAL,100,100,0
10275_results,K-Means,K-Means+K-Center,100,100,0
10275_results,Farthest,Farthest+Top5Similarity,100,100,0
10275_results,Farthest,Farthest+Max Comp,100,74,-26
10275_results,Farthest,Farthest+Min Comp,100,100,0
10275_results,Farthest,Farthest+Centroids_saturation_high,100,99,-1
10275_results,Farthest,Farthest+Centroids_saturation_medium,100,98,-2
10275_results,Farthest,Farthest+Centroids_saturation_low,100,100,0
10275_results,Farthest,Farthest+Random,100,100,0
10275_results,Farthest,Farthest+LHS,100,100,0
10275_results,Farthest,Farthest+K-Means,100,91,-9
10275_results,Farthest,Farthest+ODAL,100,96,-4
10275_results,Farthest,Farthest+K-Center,100,100,0
10275_results,ODAL,ODAL+Top5Similarity,100,92,-8
10275_results,ODAL,ODAL+Max Comp,100,100,0
10275_results,ODAL,ODAL+Min Comp,100,100,0
10275_results,ODAL,ODAL+Centroids_saturation_high,100,100,0
10275_results,ODAL,ODAL+Centroids_saturation_medium,100,90,-10
10275_results,ODAL,ODAL+Centroids_saturation_low,100,89,-11
10275_results,ODAL,ODAL+Random,100,44,-56
10275_results,ODAL,ODAL+LHS,100,83,-17
10275_results,ODAL,ODAL+K-Means,100,100,0
10275_results,ODAL,ODAL+Farthest,100,96,-4
10275_results,ODAL,ODAL+K-Center,100,99,-1
10275_results,K-Center,K-Center+Top5Similarity,100,76,-24
10275_results,K-Center,K-Center+Max Comp,100,97,-3
10275_results,K-Center,K-Center+Min Comp,100,100,0
10275_results,K-Center,K-Center+Centroids_saturation_high,100,100,0
10275_results,K-Center,K-Center+Centroids_saturation_medium,100,97,-3
10275_results,K-Center,K-Center+Centroids_saturation_low,100,93,-7
10275_results,K-Center,K-Center+Random,100,75,-25
10275_results,K-Center,K-Center+LHS,100,100,0
10275_results,K-Center,K-Center+K-Means,100,100,0
10275_results,K-Center,K-Center+Farthest,100,100,0
10275_results,K-Center,K-Center+ODAL,100,99,-1
10304_results,Top5Similarity,Top5Similarity+Max Comp,100,100,0
10304_results,Top5Similarity,Top5Similarity+Min Comp,100,75,-25
10304_results,Top5Similarity,Top5Similarity+Centroids_saturation_high,100,100,0
10304_results,Top5Similarity,Top5Similarity+Centroids_saturation_medium,100,100,0
10304_results,Top5Similarity,Top5Similarity+Centroids_saturation_low,100,100,0
10304_results,Top5Similarity,Top5Similarity+Random,100,64,-36
10304_results,Top5Similarity,Top5Similarity+LHS,100,77,-23
10304_results,Top5Similarity,Top5Similarity+K-Means,100,76,-24
10304_results,Top5Similarity,Top5Similarity+Farthest,100,65,-35
10304_results,Top5Similarity,Top5Similarity+ODAL,100,100,0
10304_results,Top5Similarity,Top5Similarity+K-Center,100,53,-47
10304_results,Max Comp,Max Comp+Top5Similarity,75,100,25
10304_results,Max Comp,Max Comp+Min Comp,75,72,-3
10304_results,Max Comp,Max Comp+Centroids_saturation_high,75,71,-4
10304_results,Max Comp,Max Comp+Centroids_saturation_medium,75,77,2
10304_results,Max Comp,Max Comp+Centroids_saturation_low,75,66,-9
10304_results,Max Comp,Max Comp+Random,75,71,-4
10304_results,Max Comp,Max Comp+LHS,75,76,1
10304_results,Max Comp,Max Comp+K-Means,75,84,9
10304_results,Max Comp,Max Comp+Farthest,75,100,25
10304_results,Max Comp,Max Comp+ODAL,75,70,-5
10304_results,Max Comp,Max Comp+K-Center,75,73,-2
10304_results,Min Comp,Min Comp+Top5Similarity,75,75,0
10304_results,Min Comp,Min Comp+Max Comp,75,72,-3
10304_results,Min Comp,Min Comp+Centroids_saturation_high,75,70,-5
10304_results,Min Comp,Min Comp+Centroids_saturation_medium,75,79,4
10304_results,Min Comp,Min Comp+Centroids_saturation_low,75,72,-3
10304_results,Min Comp,Min Comp+Random,75,75,0
10304_results,Min Comp,Min Comp+LHS,75,71,-4
10304_results,Min Comp,Min Comp+K-Means,75,68,-7
10304_results,Min Comp,Min Comp+Farthest,75,68,-7
10304_results,Min Comp,Min Comp+ODAL,75,69,-6
10304_results,Min Comp,Min Comp+K-Center,75,67,-8
10304_results,Centroids_saturation_high,Centroids_saturation_high+Top5Similarity,80,100,20
10304_results,Centroids_saturation_high,Centroids_saturation_high+Max Comp,80,71,-9
10304_results,Centroids_saturation_high,Centroids_saturation_high+Min Comp,80,70,-10
10304_results,Centroids_saturation_high,Centroids_saturation_high+Centroids_saturation_medium,80,59,-21
10304_results,Centroids_saturation_high,Centroids_saturation_high+Centroids_saturation_low,80,69,-11
10304_results,Centroids_saturation_high,Centroids_saturation_high+Random,80,69,-11
10304_results,Centroids_saturation_high,Centroids_saturation_high+LHS,80,56,-24
10304_results,Centroids_saturation_high,Centroids_saturation_high+K-Means,80,77,-3
10304_results,Centroids_saturation_high,Centroids_saturation_high+Farthest,80,75,-5
10304_results,Centroids_saturation_high,Centroids_saturation_high+ODAL,80,72,-8
10304_results,Centroids_saturation_high,Centroids_saturation_high+K-Center,80,82,2
10304_results,Centroids_saturation_medium,Centroids_saturation_medium+Top5Similarity,100,100,0
10304_results,Centroids_saturation_medium,Centroids_saturation_medium+Max Comp,100,77,-23
10304_results,Centroids_saturation_medium,Centroids_saturation_medium+Min Comp,100,79,-21
10304_results,Centroids_saturation_medium,Centroids_saturation_medium+Centroids_saturation_high,100,59,-41
10304_results,Centroids_saturation_medium,Centroids_saturation_medium+Centroids_saturation_low,100,80,-20
10304_results,Centroids_saturation_medium,Centroids_saturation_medium+Random,100,100,0
10304_results,Centroids_saturation_medium,Centroids_saturation_medium+LHS,100,82,-18
10304_results,Centroids_saturation_medium,Centroids_saturation_medium+K-Means,100,75,-25
10304_results,Centroids_saturation_medium,Centroids_saturation_medium+Farthest,100,68,-32
10304_results,Centroids_saturation_medium,Centroids_saturation_medium+ODAL,100,73,-27
10304_results,Centroids_saturation_medium,Centroids_saturation_medium+K-Center,100,68,-32
10304_results,Centroids_saturation_low,Centroids_saturation_low+Top5Similarity,83,100,17
10304_results,Centroids_saturation_low,Centroids_saturation_low+Max Comp,83,66,-17
10304_results,Centroids_saturation_low,Centroids_saturation_low+Min Comp,83,72,-11
10304_results,Centroids_saturation_low,Centroids_saturation_low+Centroids_saturation_high,83,69,-14
10304_results,Centroids_saturation_low,Centroids_saturation_low+Centroids_saturation_medium,83,80,-3
10304_results,Centroids_saturation_low,Centroids_saturation_low+Random,83,88,5
10304_results,Centroids_saturation_low,Centroids_saturation_low+LHS,83,75,-8
10304_results,Centroids_saturation_low,Centroids_saturation_low+K-Means,83,73,-10
10304_results,Centroids_saturation_low,Centroids_saturation_low+Farthest,83,69,-14
10304_results,Centroids_saturation_low,Centroids_saturation_low+ODAL,83,67,-16
10304_results,Centroids_saturation_low,Centroids_saturation_low+K-Center,83,72,-11
10304_results,Random,Random+Top5Similarity,100,64,-36
10304_results,Random,Random+Max Comp,100,71,-29
10304_results,Random,Random+Min Comp,100,75,-25
10304_results,Random,Random+Centroids_saturation_high,100,69,-31
10304_results,Random,Random+Centroids_saturation_medium,100,100,0
10304_results,Random,Random+Centroids_saturation_low,100,88,-12
10304_results,Random,Random+LHS,100,73,-27
10304_results,Random,Random+K-Means,100,64,-36
10304_results,Random,Random+Farthest,100,78,-22
10304_results,Random,Random+ODAL,100,67,-33
10304_results,Random,Random+K-Center,100,67,-33
10304_results,LHS,LHS+Top5Similarity,83,77,-6
10304_results,LHS,LHS+Max Comp,83,76,-7
10304_results,LHS,LHS+Min Comp,83,71,-12
10304_results,LHS,LHS+Centroids_saturation_high,83,56,-27
10304_results,LHS,LHS+Centroids_saturation_medium,83,82,-1
10304_results,LHS,LHS+Centroids_saturation_low,83,75,-8
10304_results,LHS,LHS+Random,83,73,-10
10304_results,LHS,LHS+K-Means,83,84,1
10304_results,LHS,LHS+Farthest,83,80,-3
10304_results,LHS,LHS+ODAL,83,100,17
10304_results,LHS,LHS+K-Center,83,82,-1
10304_results,K-Means,K-Means+Top5Similarity,100,76,-24
10304_results,K-Means,K-Means+Max Comp,100,84,-16
10304_results,K-Means,K-Means+Min Comp,100,68,-32
10304_results,K-Means,K-Means+Centroids_saturation_high,100,77,-23
10304_results,K-Means,K-Means+Centroids_saturation_medium,100,75,-25
10304_results,K-Means,K-Means+Centroids_saturation_low,100,73,-27
10304_results,K-Means,K-Means+Random,100,64,-36
10304_results,K-Means,K-Means+LHS,100,84,-16
10304_results,K-Means,K-Means+Farthest,100,69,-31
10304_results,K-Means,K-Means+ODAL,100,72,-28
10304_results,K-Means,K-Means+K-Center,100,75,-25
10304_results,Farthest,Farthest+Top5Similarity,100,65,-35
10304_results,Farthest,Farthest+Max Comp,100,100,0
10304_results,Farthest,Farthest+Min Comp,100,68,-32
10304_results,Farthest,Farthest+Centroids_saturation_high,100,75,-25
10304_results,Farthest,Farthest+Centroids_saturation_medium,100,68,-32
10304_results,Farthest,Farthest+Centroids_saturation_low,100,69,-31
10304_results,Farthest,Farthest+Random,100,78,-22
10304_results,Farthest,Farthest+LHS,100,80,-20
10304_results,Farthest,Farthest+K-Means,100,69,-31
10304_results,Farthest,Farthest+ODAL,100,69,-31
10304_results,Farthest,Farthest+K-Center,100,67,-33
10304_results,ODAL,ODAL+Top5Similarity,100,100,0
10304_results,ODAL,ODAL+Max Comp,100,70,-30
10304_results,ODAL,ODAL+Min Comp,100,69,-31
10304_results,ODAL,ODAL+Centroids_saturation_high,100,72,-28
10304_results,ODAL,ODAL+Centroids_saturation_medium,100,73,-27
10304_results,ODAL,ODAL+Centroids_saturation_low,100,67,-33
10304_results,ODAL,ODAL+Random,100,67,-33
10304_results,ODAL,ODAL+LHS,100,100,0
10304_results,ODAL,ODAL+K-Means,100,72,-28
10304_results,ODAL,ODAL+Farthest,100,69,-31
10304_results,ODAL,ODAL+K-Center,100,73,-27
10304_results,K-Center,K-Center+Top5Similarity,79,53,-26
10304_results,K-Center,K-Center+Max Comp,79,73,-6
10304_results,K-Center,K-Center+Min Comp,79,67,-12
10304_results,K-Center,K-Center+Centroids_saturation_high,79,82,3
10304_results,K-Center,K-Center+Centroids_saturation_medium,79,68,-11
10304_results,K-Center,K-Center+Centroids_saturation_low,79,72,-7
10304_results,K-Center,K-Center+Random,79,67,-12
10304_results,K-Center,K-Center+LHS,79,84,5
10304_results,K-Center,K-Center+K-Means,79,75,-4
10304_results,K-Center,K-Center+Farthest,79,67,-12
10304_results,K-Center,K-Center+ODAL,79,73,-6
10311_results,Top5Similarity,Top5Similarity+Max Comp,100,37,-63
10311_results,Top5Similarity,Top5Similarity+Min Comp,100,33,-67
10311_results,Top5Similarity,Top5Similarity+Centroids_saturation_high,100,79,-21
10311_results,Top5Similarity,Top5Similarity+Centroids_saturation_medium,100,62,-38
10311_results,Top5Similarity,Top5Similarity+Centroids_saturation_low,100,76,-24
10311_results,Top5Similarity,Top5Similarity+Random,100,63,-37
10311_results,Top5Similarity,Top5Similarity+LHS,100,90,-10
10311_results,Top5Similarity,Top5Similarity+K-Means,100,100,0
10311_results,Top5Similarity,Top5Similarity+Farthest,100,45,-55
10311_results,Top5Similarity,Top5Similarity+ODAL,100,47,-53
10311_results,Top5Similarity,Top5Similarity+K-Center,100,54,-46
10311_results,Max Comp,Max Comp+Top5Similarity,36,37,1
10311_results,Max Comp,Max Comp+Min Comp,36,40,4
10311_results,Max Comp,Max Comp+Centroids_saturation_high,36,72,36
10311_results,Max Comp,Max Comp+Centroids_saturation_medium,36,49,13
10311_results,Max Comp,Max Comp+Centroids_saturation_low,36,51,15
10311_results,Max Comp,Max Comp+Random,36,52,16
10311_results,Max Comp,Max Comp+LHS,36,67,31
10311_results,Max Comp,Max Comp+K-Means,36,59,23
10311_results,Max Comp,Max Comp+Farthest,36,52,16
10311_results,Max Comp,Max Comp+ODAL,36,43,7
10311_results,Max Comp,Max Comp+K-Center,36,36,0
10311_results,Min Comp,Min Comp+Top5Similarity,92,33,-59
10311_results,Min Comp,Min Comp+Max Comp,92,40,-52
10311_results,Min Comp,Min Comp+Centroids_saturation_high,92,41,-51
10311_results,Min Comp,Min Comp+Centroids_saturation_medium,92,40,-52
10311_results,Min Comp,Min Comp+Centroids_saturation_low,92,45,-47
10311_results,Min Comp,Min Comp+Random,92,42,-50
10311_results,Min Comp,Min Comp+LHS,92,42,-50
10311_results,Min Comp,Min Comp+K-Means,92,58,-34
10311_results,Min Comp,Min Comp+Farthest,92,50,-42
10311_results,Min Comp,Min Comp+ODAL,92,42,-50
10311_results,Min Comp,Min Comp+K-Center,92,44,-48
10311_results,Centroids_saturation_high,Centroids_saturation_high+Top5Similarity,100,79,-21
10311_results,Centroids_saturation_high,Centroids_saturation_high+Max Comp,100,72,-28
10311_results,Centroids_saturation_high,Centroids_saturation_high+Min Comp,100,41,-59
10311_results,Centroids_saturation_high,Centroids_saturation_high+Centroids_saturation_medium,100,100,0
10311_results,Centroids_saturation_high,Centroids_saturation_high+Centroids_saturation_low,100,100,0
10311_results,Centroids_saturation_high,Centroids_saturation_high+Random,100,100,0
10311_results,Centroids_saturation_high,Centroids_saturation_high+LHS,100,100,0
10311_results,Centroids_saturation_high,Centroids_saturation_high+K-Means,100,89,-11
10311_results,Centroids_saturation_high,Centroids_saturation_high+Farthest,100,64,-36
10311_results,Centroids_saturation_high,Centroids_saturation_high+ODAL,100,64,-36
10311_results,Centroids_saturation_high,Centroids_saturation_high+K-Center,100,55,-45
10311_results,Centroids_saturation_medium,Centroids_saturation_medium+Top5Similarity,100,62,-38
10311_results,Centroids_saturation_medium,Centroids_saturation_medium+Max Comp,100,49,-51
10311_results,Centroids_saturation_medium,Centroids_saturation_medium+Min Comp,100,40,-60
10311_results,Centroids_saturation_medium,Centroids_saturation_medium+Centroids_saturation_high,100,100,0
10311_results,Centroids_saturation_medium,Centroids_saturation_medium+Centroids_saturation_low,100,100,0
10311_results,Centroids_saturation_medium,Centroids_saturation_medium+Random,100,100,0
10311_results,Centroids_saturation_medium,Centroids_saturation_medium+LHS,100,100,0
10311_results,Centroids_saturation_medium,Centroids_saturation_medium+K-Means,100,78,-22
10311_results,Centroids_saturation_medium,Centroids_saturation_medium+Farthest,100,62,-38
10311_results,Centroids_saturation_medium,Centroids_saturation_medium+ODAL,100,62,-38
10311_results,Centroids_saturation_medium,Centroids_saturation_medium+K-Center,100,63,-37
10311_results,Centroids_saturation_low,Centroids_saturation_low+Top5Similarity,100,76,-24
10311_results,Centroids_saturation_low,Centroids_saturation_low+Max Comp,100,51,-49
10311_results,Centroids_saturation_low,Centroids_saturation_low+Min Comp,100,45,-55
10311_results,Centroids_saturation_low,Centroids_saturation_low+Centroids_saturation_high,100,100,0
10311_results,Centroids_saturation_low,Centroids_saturation_low+Centroids_saturation_medium,100,100,0
10311_results,Centroids_saturation_low,Centroids_saturation_low+Random,100,100,0
10311_results,Centroids_saturation_low,Centroids_saturation_low+LHS,100,100,0
10311_results,Centroids_saturation_low,Centroids_saturation_low+K-Means,100,100,0
10311_results,Centroids_saturation_low,Centroids_saturation_low+Farthest,100,89,-11
10311_results,Centroids_saturation_low,Centroids_saturation_low+ODAL,100,86,-14
10311_results,Centroids_saturation_low,Centroids_saturation_low+K-Center,100,67,-33
10311_results,Random,Random+Top5Similarity,100,63,-37
10311_results,Random,Random+Max Comp,100,52,-48
10311_results,Random,Random+Min Comp,100,42,-58
10311_results,Random,Random+Centroids_saturation_high,100,100,0
10311_results,Random,Random+Centroids_saturation_medium,100,100,0
10311_results,Random,Random+Centroids_saturation_low,100,100,0
10311_results,Random,Random+LHS,100,100,0
10311_results,Random,Random+K-Means,100,100,0
10311_results,Random,Random+Farthest,100,81,-19
10311_results,Random,Random+ODAL,100,76,-24
10311_results,Random,Random+K-Center,100,49,-51
10311_results,LHS,LHS+Top5Similarity,100,90,-10
10311_results,LHS,LHS+Max Comp,100,67,-33
10311_results,LHS,LHS+Min Comp,100,42,-58
10311_results,LHS,LHS+Centroids_saturation_high,100,100,0
10311_results,LHS,LHS+Centroids_saturation_medium,100,100,0
10311_results,LHS,LHS+Centroids_saturation_low,100,100,0
10311_results,LHS,LHS+Random,100,100,0
10311_results,LHS,LHS+K-Means,100,79,-21
10311_results,LHS,LHS+Farthest,100,66,-34
10311_results,LHS,LHS+ODAL,100,57,-43
10311_results,LHS,LHS+K-Center,100,70,-30
10311_results,K-Means,K-Means+Top5Similarity,100,100,0
10311_results,K-Means,K-Means+Max Comp,100,59,-41
10311_results,K-Means,K-Means+Min Comp,100,58,-42
10311_results,K-Means,K-Means+Centroids_saturation_high,100,89,-11
10311_results,K-Means,K-Means+Centroids_saturation_medium,100,78,-22
10311_results,K-Means,K-Means+Centroids_saturation_low,100,100,0
10311_results,K-Means,K-Means+Random,100,100,0
10311_results,K-Means,K-Means+LHS,100,79,-21
10311_results,K-Means,K-Means+Farthest,100,53,-47
10311_results,K-Means,K-Means+ODAL,100,61,-39
10311_results,K-Means,K-Means+K-Center,100,67,-33
10311_results,Farthest,Farthest+Top5Similarity,100,45,-55
10311_results,Farthest,Farthest+Max Comp,100,52,-48
10311_results,Farthest,Farthest+Min Comp,100,50,-50
10311_results,Farthest,Farthest+Centroids_saturation_high,100,64,-36
10311_results,Farthest,Farthest+Centroids_saturation_medium,100,62,-38
10311_results,Farthest,Farthest+Centroids_saturation_low,100,89,-11
10311_results,Farthest,Farthest+Random,100,81,-19
10311_results,Farthest,Farthest+LHS,100,66,-34
10311_results,Farthest,Farthest+K-Means,100,53,-47
10311_results,Farthest,Farthest+ODAL,100,45,-55
10311_results,Farthest,Farthest+K-Center,100,48,-52
10311_results,ODAL,ODAL+Top5Similarity,100,47,-53
10311_results,ODAL,ODAL+Max Comp,100,43,-57
10311_results,ODAL,ODAL+Min Comp,100,42,-58
10311_results,ODAL,ODAL+Centroids_saturation_high,100,64,-36
10311_results,ODAL,ODAL+Centroids_saturation_medium,100,62,-38
10311_results,ODAL,ODAL+Centroids_saturation_low,100,86,-14
10311_results,ODAL,ODAL+Random,100,76,-24
10311_results,ODAL,ODAL+LHS,100,57,-43
10311_results,ODAL,ODAL+K-Means,100,61,-39
10311_results,ODAL,ODAL+Farthest,100,45,-55
10311_results,ODAL,ODAL+K-Center,100,41,-59
10311_results,K-Center,K-Center+Top5Similarity,38,54,16
10311_results,K-Center,K-Center+Max Comp,38,36,-2
10311_results,K-Center,K-Center+Min Comp,38,44,6
10311_results,K-Center,K-Center+Centroids_saturation_high,38,55,17
10311_results,K-Center,K-Center+Centroids_saturation_medium,38,63,25
10311_results,K-Center,K-Center+Centroids_saturation_low,38,67,29
10311_results,K-Center,K-Center+Random,38,49,11
10311_results,K-Center,K-Center+LHS,38,70,32
10311_results,K-Center,K-Center+K-Means,38,67,29
10311_results,K-Center,K-Center+Farthest,38,48,10
10311_results,K-Center,K-Center+ODAL,38,41,3
10374_results,Top5Similarity,Top5Similarity+Max Comp,100,100,0
10374_results,Top5Similarity,Top5Similarity+Min Comp,100,52,-48
10374_results,Top5Similarity,Top5Similarity+Centroids_saturation_high,100,77,-23
10374_results,Top5Similarity,Top5Similarity+Centroids_saturation_medium,100,47,-53
10374_results,Top5Similarity,Top5Similarity+Centroids_saturation_low,100,49,-51
10374_results,Top5Similarity,Top5Similarity+Random,100,68,-32
10374_results,Top5Similarity,Top5Similarity+LHS,100,100,0
10374_results,Top5Similarity,Top5Similarity+K-Means,100,100,0
10374_results,Top5Similarity,Top5Similarity+Farthest,100,100,0
10374_results,Top5Similarity,Top5Similarity+ODAL,100,100,0
10374_results,Top5Similarity,Top5Similarity+K-Center,100,93,-7
10374_results,Max Comp,Max Comp+Top5Similarity,55,100,45
10374_results,Max Comp,Max Comp+Min Comp,55,47,-8
10374_results,Max Comp,Max Comp+Centroids_saturation_high,55,68,13
10374_results,Max Comp,Max Comp+Centroids_saturation_medium,55,69,14
10374_results,Max Comp,Max Comp+Centroids_saturation_low,55,67,12
10374_results,Max Comp,Max Comp+Random,55,55,0
10374_results,Max Comp,Max Comp+LHS,55,65,10
10374_results,Max Comp,Max Comp+K-Means,55,67,12
10374_results,Max Comp,Max Comp+Farthest,55,99,44
10374_results,Max Comp,Max Comp+ODAL,55,53,-2
10374_results,Max Comp,Max Comp+K-Center,55,50,-5
10374_results,Min Comp,Min Comp+Top5Similarity,100,52,-48
10374_results,Min Comp,Min Comp+Max Comp,100,47,-53
10374_results,Min Comp,Min Comp+Centroids_saturation_high,100,51,-49
10374_results,Min Comp,Min Comp+Centroids_saturation_medium,100,51,-49
10374_results,Min Comp,Min Comp+Centroids_saturation_low,100,44,-56
10374_results,Min Comp,Min Comp+Random,100,56,-44
10374_results,Min Comp,Min Comp+LHS,100,40,-60
10374_results,Min Comp,Min Comp+K-Means,100,51,-49
10374_results,Min Comp,Min Comp+Farthest,100,59,-41
10374_results,Min Comp,Min Comp+ODAL,100,72,-28
10374_results,Min Comp,Min Comp+K-Center,100,39,-61
10374_results,Centroids_saturation_high,Centroids_saturation_high+Top5Similarity,100,77,-23
10374_results,Centroids_saturation_high,Centroids_saturation_high+Max Comp,100,68,-32
10374_results,Centroids_saturation_high,Centroids_saturation_high+Min Comp,100,51,-49
10374_results,Centroids_saturation_high,Centroids_saturation_high+Centroids_saturation_medium,100,63,-37
10374_results,Centroids_saturation_high,Centroids_saturation_high+Centroids_saturation_low,100,61,-39
10374_results,Centroids_saturation_high,Centroids_saturation_high+Random,100,82,-18
10374_results,Centroids_saturation_high,Centroids_saturation_high+LHS,100,100,0
10374_results,Centroids_saturation_high,Centroids_saturation_high+K-Means,100,48,-52
10374_results,Centroids_saturation_high,Centroids_saturation_high+Farthest,100,100,0
10374_results,Centroids_saturation_high,Centroids_saturation_high+ODAL,100,100,0
10374_results,Centroids_saturation_high,Centroids_saturation_high+K-Center,100,100,0
10374_results,Centroids_saturation_medium,Centroids_saturation_medium+Top5Similarity,100,47,-53
10374_results,Centroids_saturation_medium,Centroids_saturation_medium+Max Comp,100,68,-32
10374_results,Centroids_saturation_medium,Centroids_saturation_medium+Min Comp,100,51,-49
10374_results,Centroids_saturation_medium,Centroids_saturation_medium+Centroids_saturation_high,100,64,-36
10374_results,Centroids_saturation_medium,Centroids_saturation_medium+Centroids_saturation_low,100,66,-34
10374_results,Centroids_saturation_medium,Centroids_saturation_medium+Random,100,100,0
10374_results,Centroids_saturation_medium,Centroids_saturation_medium+LHS,100,100,0
10374_results,Centroids_saturation_medium,Centroids_saturation_medium+K-Means,100,100,0
10374_results,Centroids_saturation_medium,Centroids_saturation_medium+Farthest,100,100,0
10374_results,Centroids_saturation_medium,Centroids_saturation_medium+ODAL,100,100,0
10374_results,Centroids_saturation_medium,Centroids_saturation_medium+K-Center,100,100,0
10374_results,Centroids_saturation_low,Centroids_saturation_low+Top5Similarity,71,49,-22
10374_results,Centroids_saturation_low,Centroids_saturation_low+Max Comp,71,67,-4
10374_results,Centroids_saturation_low,Centroids_saturation_low+Min Comp,71,44,-27
10374_results,Centroids_saturation_low,Centroids_saturation_low+Centroids_saturation_high,71,61,-10
10374_results,Centroids_saturation_low,Centroids_saturation_low+Centroids_saturation_medium,71,66,-5
10374_results,Centroids_saturation_low,Centroids_saturation_low+Random,71,100,29
10374_results,Centroids_saturation_low,Centroids_saturation_low+LHS,71,96,25
10374_results,Centroids_saturation_low,Centroids_saturation_low+K-Means,71,100,29
10374_results,Centroids_saturation_low,Centroids_saturation_low+Farthest,71,100,29
10374_results,Centroids_saturation_low,Centroids_saturation_low+ODAL,71,97,26
10374_results,Centroids_saturation_low,Centroids_saturation_low+K-Center,71,100,29
10374_results,Random,Random+Top5Similarity,100,68,-32
10374_results,Random,Random+Max Comp,100,55,-45
10374_results,Random,Random+Min Comp,100,56,-44
10374_results,Random,Random+Centroids_saturation_high,100,100,0
10374_results,Random,Random+Centroids_saturation_medium,100,100,0
10374_results,Random,Random+Centroids_saturation_low,100,100,0
10374_results,Random,Random+LHS,100,100,0
10374_results,Random,Random+K-Means,100,50,-50
10374_results,Random,Random+Farthest,100,100,0
10374_results,Random,Random+ODAL,100,100,0
10374_results,Random,Random+K-Center,100,79,-21
10374_results,LHS,LHS+Top5Similarity,100,100,0
10374_results,LHS,LHS+Max Comp,100,65,-35
10374_results,LHS,LHS+Min Comp,100,40,-60
10374_results,LHS,LHS+Centroids_saturation_high,100,100,0
10374_results,LHS,LHS+Centroids_saturation_medium,100,100,0
10374_results,LHS,LHS+Centroids_saturation_low,100,100,0
10374_results,LHS,LHS+Random,100,98,-2
10374_results,LHS,LHS+K-Means,100,67,-33
10374_results,LHS,LHS+Farthest,100,100,0
10374_results,LHS,LHS+ODAL,100,95,-5
10374_results,LHS,LHS+K-Center,100,100,0
10374_results,K-Means,K-Means+Top5Similarity,100,84,-16
10374_results,K-Means,K-Means+Max Comp,100,64,-36
10374_results,K-Means,K-Means+Min Comp,100,51,-49
10374_results,K-Means,K-Means+Centroids_saturation_high,100,48,-52
10374_results,K-Means,K-Means+Centroids_saturation_medium,100,100,0
10374_results,K-Means,K-Means+Centroids_saturation_low,100,100,0
10374_results,K-Means,K-Means+Random,100,50,-50
10374_results,K-Means,K-Means+LHS,100,67,-33
10374_results,K-Means,K-Means+Farthest,100,42,-58
10374_results,K-Means,K-Means+ODAL,100,50,-50
10374_results,K-Means,K-Means+K-Center,100,42,-58
10374_results,Farthest,Farthest+Top5Similarity,100,100,0
10374_results,Farthest,Farthest+Max Comp,100,99,-1
10374_results,Farthest,Farthest+Min Comp,100,48,-52
10374_results,Farthest,Farthest+Centroids_saturation_high,100,100,0
10374_results,Farthest,Farthest+Centroids_saturation_medium,100,100,0
10374_results,Farthest,Farthest+Centroids_saturation_low,100,100,0
10374_results,Farthest,Farthest+Random,100,100,0
10374_results,Farthest,Farthest+LHS,100,100,0
10374_results,Farthest,Farthest+K-Means,100,42,-58
10374_results,Farthest,Farthest+ODAL,100,100,0
10374_results,Farthest,Farthest+K-Center,100,100,0
10374_results,ODAL,ODAL+Top5Similarity,100,100,0
10374_results,ODAL,ODAL+Max Comp,100,53,-47
10374_results,ODAL,ODAL+Min Comp,100,72,-28
10374_results,ODAL,ODAL+Centroids_saturation_high,100,100,0
10374_results,ODAL,ODAL+Centroids_saturation_medium,100,100,0
10374_results,ODAL,ODAL+Centroids_saturation_low,100,97,-3
10374_results,ODAL,ODAL+Random,100,62,-38
10374_results,ODAL,ODAL+LHS,100,95,-5
10374_results,ODAL,ODAL+K-Means,100,50,-50
10374_results,ODAL,ODAL+Farthest,100,100,0
10374_results,ODAL,ODAL+K-Center,100,56,-44
10374_results,K-Center,K-Center+Top5Similarity,73,93,20
10374_results,K-Center,K-Center+Max Comp,73,50,-23
10374_results,K-Center,K-Center+Min Comp,73,39,-34
10374_results,K-Center,K-Center+Centroids_saturation_high,73,97,24
10374_results,K-Center,K-Center+Centroids_saturation_medium,73,100,27
10374_results,K-Center,K-Center+Centroids_saturation_low,73,100,27
10374_results,K-Center,K-Center+Random,73,78,5
10374_results,K-Center,K-Center+LHS,73,100,27
10374_results,K-Center,K-Center+K-Means,73,42,-31
10374_results,K-Center,K-Center+Farthest,73,100,27
10374_results,K-Center,K-Center+ODAL,73,56,-17
10399_results,Top5Similarity,Top5Similarity+Max Comp,100,43,-57
10399_results,Top5Similarity,Top5Similarity+Min Comp,100,79,-21
10399_results,Top5Similarity,Top5Similarity+Centroids_saturation_high,100,92,-8
10399_results,Top5Similarity,Top5Similarity+Centroids_saturation_medium,100,90,-10
10399_results,Top5Similarity,Top5Similarity+Centroids_saturation_low,100,90,-10
10399_results,Top5Similarity,Top5Similarity+Random,100,79,-21
10399_results,Top5Similarity,Top5Similarity+LHS,100,81,-19
10399_results,Top5Similarity,Top5Similarity+K-Means,100,100,0
10399_results,Top5Similarity,Top5Similarity+Farthest,100,76,-24
10399_results,Top5Similarity,Top5Similarity+ODAL,100,100,0
10399_results,Top5Similarity,Top5Similarity+K-Center,100,82,-18
10399_results,Max Comp,Max Comp+Top5Similarity,75,43,-32
10399_results,Max Comp,Max Comp+Min Comp,75,53,-22
10399_results,Max Comp,Max Comp+Centroids_saturation_high,75,100,25
10399_results,Max Comp,Max Comp+Centroids_saturation_medium,75,81,6
10399_results,Max Comp,Max Comp+Centroids_saturation_low,75,100,25
10399_results,Max Comp,Max Comp+Random,75,78,3
10399_results,Max Comp,Max Comp+LHS,75,73,-2
10399_results,Max Comp,Max Comp+K-Means,75,73,-2
10399_results,Max Comp,Max Comp+Farthest,75,58,-17
10399_results,Max Comp,Max Comp+ODAL,75,47,-28
10399_results,Max Comp,Max Comp+K-Center,75,77,2
10399_results,Min Comp,Min Comp+Top5Similarity,100,79,-21
10399_results,Min Comp,Min Comp+Max Comp,100,53,-47
10399_results,Min Comp,Min Comp+Centroids_saturation_high,100,75,-25
10399_results,Min Comp,Min Comp+Centroids_saturation_medium,100,85,-15
10399_results,Min Comp,Min Comp+Centroids_saturation_low,100,59,-41
10399_results,Min Comp,Min Comp+Random,100,81,-19
10399_results,Min Comp,Min Comp+LHS,100,59,-41
10399_results,Min Comp,Min Comp+K-Means,100,73,-27
10399_results,Min Comp,Min Comp+Farthest,100,75,-25
10399_results,Min Comp,Min Comp+ODAL,100,63,-37
10399_results,Min Comp,Min Comp+K-Center,100,75,-25
10399_results,Centroids_saturation_high,Centroids_saturation_high+Top5Similarity,100,92,-8
10399_results,Centroids_saturation_high,Centroids_saturation_high+Max Comp,100,100,0
10399_results,Centroids_saturation_high,Centroids_saturation_high+Min Comp,100,75,-25
10399_results,Centroids_saturation_high,Centroids_saturation_high+Centroids_saturation_medium,100,100,0
10399_results,Centroids_saturation_high,Centroids_saturation_high+Centroids_saturation_low,100,100,0
10399_results,Centroids_saturation_high,Centroids_saturation_high+Random,100,79,-21
10399_results,Centroids_saturation_high,Centroids_saturation_high+LHS,100,84,-16
10399_results,Centroids_saturation_high,Centroids_saturation_high+K-Means,100,77,-23
10399_results,Centroids_saturation_high,Centroids_saturation_high+Farthest,100,67,-33
10399_results,Centroids_saturation_high,Centroids_saturation_high+ODAL,100,72,-28
10399_results,Centroids_saturation_high,Centroids_saturation_high+K-Center,100,76,-24
10399_results,Centroids_saturation_medium,Centroids_saturation_medium+Top5Similarity,100,90,-10
10399_results,Centroids_saturation_medium,Centroids_saturation_medium+Max Comp,100,81,-19
10399_results,Centroids_saturation_medium,Centroids_saturation_medium+Min Comp,100,85,-15
10399_results,Centroids_saturation_medium,Centroids_saturation_medium+Centroids_saturation_high,100,100,0
10399_results,Centroids_saturation_medium,Centroids_saturation_medium+Centroids_saturation_low,100,100,0
10399_results,Centroids_saturation_medium,Centroids_saturation_medium+Random,100,87,-13
10399_results,Centroids_saturation_medium,Centroids_saturation_medium+LHS,100,84,-16
10399_results,Centroids_saturation_medium,Centroids_saturation_medium+K-Means,100,81,-19
10399_results,Centroids_saturation_medium,Centroids_saturation_medium+Farthest,100,80,-20
10399_results,Centroids_saturation_medium,Centroids_saturation_medium+ODAL,100,87,-13
10399_results,Centroids_saturation_medium,Centroids_saturation_medium+K-Center,100,69,-31
10399_results,Centroids_saturation_low,Centroids_saturation_low+Top5Similarity,100,90,-10
10399_results,Centroids_saturation_low,Centroids_saturation_low+Max Comp,100,100,0
10399_results,Centroids_saturation_low,Centroids_saturation_low+Min Comp,100,59,-41
10399_results,Centroids_saturation_low,Centroids_saturation_low+Centroids_saturation_high,100,100,0
10399_results,Centroids_saturation_low,Centroids_saturation_low+Centroids_saturation_medium,100,100,0
10399_results,Centroids_saturation_low,Centroids_saturation_low+Random,100,84,-16
10399_results,Centroids_saturation_low,Centroids_saturation_low+LHS,100,100,0
10399_results,Centroids_saturation_low,Centroids_saturation_low+K-Means,100,69,-31
10399_results,Centroids_saturation_low,Centroids_saturation_low+Farthest,100,77,-23
10399_results,Centroids_saturation_low,Centroids_saturation_low+ODAL,100,100,0
10399_results,Centroids_saturation_low,Centroids_saturation_low+K-Center,100,74,-26
10399_results,Random,Random+Top5Similarity,54,79,25
10399_results,Random,Random+Max Comp,54,78,24
10399_results,Random,Random+Min Comp,54,81,27
10399_results,Random,Random+Centroids_saturation_high,54,79,25
10399_results,Random,Random+Centroids_saturation_medium,54,87,33
10399_results,Random,Random+Centroids_saturation_low,54,84,30
10399_results,Random,Random+LHS,54,79,25
10399_results,Random,Random+K-Means,54,70,16
10399_results,Random,Random+Farthest,54,79,25
10399_results,Random,Random+ODAL,54,81,27
10399_results,Random,Random+K-Center,54,75,21
10399_results,LHS,LHS+Top5Similarity,100,81,-19
10399_results,LHS,LHS+Max Comp,100,73,-27
10399_results,LHS,LHS+Min Comp,100,59,-41
10399_results,LHS,LHS+Centroids_saturation_high,100,84,-16
10399_results,LHS,LHS+Centroids_saturation_medium,100,84,-16
10399_results,LHS,LHS+Centroids_saturation_low,100,100,0
10399_results,LHS,LHS+Random,100,79,-21
10399_results,LHS,LHS+K-Means,100,83,-17
10399_results,LHS,LHS+Farthest,100,67,-33
10399_results,LHS,LHS+ODAL,100,82,-18
10399_results,LHS,LHS+K-Center,100,73,-27
10399_results,K-Means,K-Means+Top5Similarity,95,100,5
10399_results,K-Means,K-Means+Max Comp,95,73,-22
10399_results,K-Means,K-Means+Min Comp,95,73,-22
10399_results,K-Means,K-Means+Centroids_saturation_high,95,77,-18
10399_results,K-Means,K-Means+Centroids_saturation_medium,95,81,-14
10399_results,K-Means,K-Means+Centroids_saturation_low,95,69,-26
10399_results,K-Means,K-Means+Random,95,70,-25
10399_results,K-Means,K-Means+LHS,95,83,-12
10399_results,K-Means,K-Means+Farthest,95,100,5
10399_results,K-Means,K-Means+ODAL,95,100,5
10399_results,K-Means,K-Means+K-Center,95,67,-28
10399_results,Farthest,Farthest+Top5Similarity,100,76,-24
10399_results,Farthest,Farthest+Max Comp,100,58,-42
10399_results,Farthest,Farthest+Min Comp,100,75,-25
10399_results,Farthest,Farthest+Centroids_saturation_high,100,67,-33
10399_results,Farthest,Farthest+Centroids_saturation_medium,100,80,-20
10399_results,Farthest,Farthest+Centroids_saturation_low,100,77,-23
10399_results,Farthest,Farthest+Random,100,79,-21
10399_results,Farthest,Farthest+LHS,100,67,-33
10399_results,Farthest,Farthest+K-Means,100,100,0
10399_results,Farthest,Farthest+ODAL,100,79,-21
10399_results,Farthest,Farthest+K-Center,100,83,-17
10399_results,ODAL,ODAL+Top5Similarity,100,100,0
10399_results,ODAL,ODAL+Max Comp,100,47,-53
10399_results,ODAL,ODAL+Min Comp,100,63,-37
10399_results,ODAL,ODAL+Centroids_saturation_high,100,72,-28
10399_results,ODAL,ODAL+Centroids_saturation_medium,100,87,-13
10399_results,ODAL,ODAL+Centroids_saturation_low,100,100,0
10399_results,ODAL,ODAL+Random,100,81,-19
10399_results,ODAL,ODAL+LHS,100,82,-18
10399_results,ODAL,ODAL+K-Means,100,100,0
10399_results,ODAL,ODAL+Farthest,100,79,-21
10399_results,ODAL,ODAL+K-Center,100,82,-18
10399_results,K-Center,K-Center+Top5Similarity,77,82,5
10399_results,K-Center,K-Center+Max Comp,77,77,0
10399_results,K-Center,K-Center+Min Comp,77,75,-2
10399_results,K-Center,K-Center+Centroids_saturation_high,77,76,-1
10399_results,K-Center,K-Center+Centroids_saturation_medium,77,69,-8
10399_results,K-Center,K-Center+Centroids_saturation_low,77,74,-3
10399_results,K-Center,K-Center+Random,77,75,-2
10399_results,K-Center,K-Center+LHS,77,73,-4
10399_results,K-Center,K-Center+K-Means,77,67,-10
10399_results,K-Center,K-Center+Farthest,77,83,6
10399_results,K-Center,K-Center+ODAL,77,82,5
10402_results,Top5Similarity,Top5Similarity+Max Comp,100,100,0
10402_results,Top5Similarity,Top5Similarity+Min Comp,100,100,0
10402_results,Top5Similarity,Top5Similarity+Centroids_saturation_high,100,100,0
10402_results,Top5Similarity,Top5Similarity+Centroids_saturation_medium,100,100,0
10402_results,Top5Similarity,Top5Similarity+Centroids_saturation_low,100,100,0
10402_results,Top5Similarity,Top5Similarity+Random,100,100,0
10402_results,Top5Similarity,Top5Similarity+LHS,100,100,0
10402_results,Top5Similarity,Top5Similarity+K-Means,100,97,-3
10402_results,Top5Similarity,Top5Similarity+Farthest,100,100,0
10402_results,Top5Similarity,Top5Similarity+ODAL,100,100,0
10402_results,Top5Similarity,Top5Similarity+K-Center,100,100,0
10402_results,Max Comp,Max Comp+Top5Similarity,100,100,0
10402_results,Max Comp,Max Comp+Min Comp,100,100,0
10402_results,Max Comp,Max Comp+Centroids_saturation_high,100,100,0
10402_results,Max Comp,Max Comp+Centroids_saturation_medium,100,100,0
10402_results,Max Comp,Max Comp+Centroids_saturation_low,100,100,0
10402_results,Max Comp,Max Comp+Random,100,100,0
10402_results,Max Comp,Max Comp+LHS,100,90,-10
10402_results,Max Comp,Max Comp+K-Means,100,85,-15
10402_results,Max Comp,Max Comp+Farthest,100,77,-23
10402_results,Max Comp,Max Comp+ODAL,100,90,-10
10402_results,Max Comp,Max Comp+K-Center,100,84,-16
10402_results,Min Comp,Min Comp+Top5Similarity,100,100,0
10402_results,Min Comp,Min Comp+Max Comp,100,100,0
10402_results,Min Comp,Min Comp+Centroids_saturation_high,100,100,0
10402_results,Min Comp,Min Comp+Centroids_saturation_medium,100,54,-46
10402_results,Min Comp,Min Comp+Centroids_saturation_low,100,100,0
10402_results,Min Comp,Min Comp+Random,100,100,0
10402_results,Min Comp,Min Comp+LHS,100,67,-33
10402_results,Min Comp,Min Comp+K-Means,100,52,-48
10402_results,Min Comp,Min Comp+Farthest,100,100,0
10402_results,Min Comp,Min Comp+ODAL,100,100,0
10402_results,Min Comp,Min Comp+K-Center,100,100,0
10402_results,Centroids_saturation_high,Centroids_saturation_high+Top5Similarity,87,100,13
10402_results,Centroids_saturation_high,Centroids_saturation_high+Max Comp,87,100,13
10402_results,Centroids_saturation_high,Centroids_saturation_high+Min Comp,87,100,13
10402_results,Centroids_saturation_high,Centroids_saturation_high+Centroids_saturation_medium,87,100,13
10402_results,Centroids_saturation_high,Centroids_saturation_high+Centroids_saturation_low,87,100,13
10402_results,Centroids_saturation_high,Centroids_saturation_high+Random,87,100,13
10402_results,Centroids_saturation_high,Centroids_saturation_high+LHS,87,100,13
10402_results,Centroids_saturation_high,Centroids_saturation_high+K-Means,87,59,-28
10402_results,Centroids_saturation_high,Centroids_saturation_high+Farthest,87,54,-33
10402_results,Centroids_saturation_high,Centroids_saturation_high+ODAL,87,100,13
10402_results,Centroids_saturation_high,Centroids_saturation_high+K-Center,87,100,13
10402_results,Centroids_saturation_medium,Centroids_saturation_medium+Top5Similarity,100,100,0
10402_results,Centroids_saturation_medium,Centroids_saturation_medium+Max Comp,100,100,0
10402_results,Centroids_saturation_medium,Centroids_saturation_medium+Min Comp,100,54,-46
10402_results,Centroids_saturation_medium,Centroids_saturation_medium+Centroids_saturation_high,100,100,0
10402_results,Centroids_saturation_medium,Centroids_saturation_medium+Centroids_saturation_low,100,100,0
10402_results,Centroids_saturation_medium,Centroids_saturation_medium+Random,100,100,0
10402_results,Centroids_saturation_medium,Centroids_saturation_medium+LHS,100,100,0
10402_results,Centroids_saturation_medium,Centroids_saturation_medium+K-Means,100,100,0
10402_results,Centroids_saturation_medium,Centroids_saturation_medium+Farthest,100,58,-42
10402_results,Centroids_saturation_medium,Centroids_saturation_medium+ODAL,100,100,0
10402_results,Centroids_saturation_medium,Centroids_saturation_medium+K-Center,100,100,0
10402_results,Centroids_saturation_low,Centroids_saturation_low+Top5Similarity,61,100,39
10402_results,Centroids_saturation_low,Centroids_saturation_low+Max Comp,61,100,39
10402_results,Centroids_saturation_low,Centroids_saturation_low+Min Comp,61,100,39
10402_results,Centroids_saturation_low,Centroids_saturation_low+Centroids_saturation_high,61,100,39
10402_results,Centroids_saturation_low,Centroids_saturation_low+Centroids_saturation_medium,61,100,39
10402_results,Centroids_saturation_low,Centroids_saturation_low+Random,61,100,39
10402_results,Centroids_saturation_low,Centroids_saturation_low+LHS,61,100,39
10402_results,Centroids_saturation_low,Centroids_saturation_low+K-Means,61,100,39
10402_results,Centroids_saturation_low,Centroids_saturation_low+Farthest,61,65,4
10402_results,Centroids_saturation_low,Centroids_saturation_low+ODAL,61,100,39
10402_results,Centroids_saturation_low,Centroids_saturation_low+K-Center,61,100,39
10402_results,Random,Random+Top5Similarity,100,100,0
10402_results,Random,Random+Max Comp,100,100,0
10402_results,Random,Random+Min Comp,100,100,0
10402_results,Random,Random+Centroids_saturation_high,100,100,0
10402_results,Random,Random+Centroids_saturation_medium,100,100,0
10402_results,Random,Random+Centroids_saturation_low,100,100,0
10402_results,Random,Random+LHS,100,100,0
10402_results,Random,Random+K-Means,100,100,0
10402_results,Random,Random+Farthest,100,100,0
10402_results,Random,Random+ODAL,100,100,0
10402_results,Random,Random+K-Center,100,100,0
10402_results,LHS,LHS+Top5Similarity,100,100,0
10402_results,LHS,LHS+Max Comp,100,90,-10
10402_results,LHS,LHS+Min Comp,100,67,-33
10402_results,LHS,LHS+Centroids_saturation_high,100,100,0
10402_results,LHS,LHS+Centroids_saturation_medium,100,100,0
10402_results,LHS,LHS+Centroids_saturation_low,100,100,0
10402_results,LHS,LHS+Random,100,100,0
10402_results,LHS,LHS+K-Means,100,59,-41
10402_results,LHS,LHS+Farthest,100,58,-42
10402_results,LHS,LHS+ODAL,100,100,0
10402_results,LHS,LHS+K-Center,100,75,-25
10402_results,K-Means,K-Means+Top5Similarity,63,97,34
10402_results,K-Means,K-Means+Max Comp,63,85,22
10402_results,K-Means,K-Means+Min Comp,63,52,-11
10402_results,K-Means,K-Means+Centroids_saturation_high,63,59,-4
10402_results,K-Means,K-Means+Centroids_saturation_medium,63,100,37
10402_results,K-Means,K-Means+Centroids_saturation_low,63,100,37
10402_results,K-Means,K-Means+Random,63,100,37
10402_results,K-Means,K-Means+LHS,63,59,-4
10402_results,K-Means,K-Means+Farthest,63,100,37
10402_results,K-Means,K-Means+ODAL,63,100,37
10402_results,K-Means,K-Means+K-Center,63,87,24
10402_results,Farthest,Farthest+Top5Similarity,100,100,0
10402_results,Farthest,Farthest+Max Comp,100,77,-23
10402_results,Farthest,Farthest+Min Comp,100,100,0
10402_results,Farthest,Farthest+Centroids_saturation_high,100,54,-46
10402_results,Farthest,Farthest+Centroids_saturation_medium,100,58,-42
10402_results,Farthest,Farthest+Centroids_saturation_low,100,65,-35
10402_results,Farthest,Farthest+Random,100,100,0
10402_results,Farthest,Farthest+LHS,100,58,-42
10402_results,Farthest,Farthest+K-Means,100,100,0
10402_results,Farthest,Farthest+ODAL,100,77,-23
10402_results,Farthest,Farthest+K-Center,100,100,0
10402_results,ODAL,ODAL+Top5Similarity,100,100,0
10402_results,ODAL,ODAL+Max Comp,100,90,-10
10402_results,ODAL,ODAL+Min Comp,100,100,0
10402_results,ODAL,ODAL+Centroids_saturation_high,100,100,0
10402_results,ODAL,ODAL+Centroids_saturation_medium,100,100,0
10402_results,ODAL,ODAL+Centroids_saturation_low,100,100,0
10402_results,ODAL,ODAL+Random,100,100,0
10402_results,ODAL,ODAL+LHS,100,100,0
10402_results,ODAL,ODAL+K-Means,100,100,0
10402_results,ODAL,ODAL+Farthest,100,77,-23
10402_results,ODAL,ODAL+K-Center,100,100,0
10402_results,K-Center,K-Center+Top5Similarity,100,100,0
10402_results,K-Center,K-Center+Max Comp,100,84,-16
10402_results,K-Center,K-Center+Min Comp,100,100,0
10402_results,K-Center,K-Center+Centroids_saturation_high,100,100,0
10402_results,K-Center,K-Center+Centroids_saturation_medium,100,100,0
10402_results,K-Center,K-Center+Centroids_saturation_low,100,100,0
10402_results,K-Center,K-Center+Random,100,100,0
10402_results,K-Center,K-Center+LHS,100,75,-25
10402_results,K-Center,K-Center+K-Means,100,87,-13
10402_results,K-Center,K-Center+Farthest,100,100,0
10402_results,K-Center,K-Center+ODAL,100,100,0
10403_results,Top5Similarity,Top5Similarity+Max Comp,100,100,0
10403_results,Top5Similarity,Top5Similarity+Min Comp,100,70,-30
10403_results,Top5Similarity,Top5Similarity+Centroids_saturation_high,100,100,0
10403_results,Top5Similarity,Top5Similarity+Centroids_saturation_medium,100,90,-10
10403_results,Top5Similarity,Top5Similarity+Centroids_saturation_low,100,100,0
10403_results,Top5Similarity,Top5Similarity+Random,100,100,0
10403_results,Top5Similarity,Top5Similarity+LHS,100,100,0
10403_results,Top5Similarity,Top5Similarity+K-Means,100,55,-45
10403_results,Top5Similarity,Top5Similarity+Farthest,100,50,-50
10403_results,Top5Similarity,Top5Similarity+ODAL,100,100,0
10403_results,Top5Similarity,Top5Similarity+K-Center,100,100,0
10403_results,Max Comp,Max Comp+Top5Similarity,100,100,0
10403_results,Max Comp,Max Comp+Min Comp,100,69,-31
10403_results,Max Comp,Max Comp+Centroids_saturation_high,100,100,0
10403_results,Max Comp,Max Comp+Centroids_saturation_medium,100,100,0
10403_results,Max Comp,Max Comp+Centroids_saturation_low,100,94,-6
10403_results,Max Comp,Max Comp+Random,100,100,0
10403_results,Max Comp,Max Comp+LHS,100,100,0
10403_results,Max Comp,Max Comp+K-Means,100,100,0
10403_results,Max Comp,Max Comp+Farthest,100,100,0
10403_results,Max Comp,Max Comp+ODAL,100,52,-48
10403_results,Max Comp,Max Comp+K-Center,100,100,0
10403_results,Min Comp,Min Comp+Top5Similarity,74,70,-4
10403_results,Min Comp,Min Comp+Max Comp,74,69,-5
10403_results,Min Comp,Min Comp+Centroids_saturation_high,74,75,1
10403_results,Min Comp,Min Comp+Centroids_saturation_medium,74,62,-12
10403_results,Min Comp,Min Comp+Centroids_saturation_low,74,61,-13
10403_results,Min Comp,Min Comp+Random,74,95,21
10403_results,Min Comp,Min Comp+LHS,74,64,-10
10403_results,Min Comp,Min Comp+K-Means,74,65,-9
10403_results,Min Comp,Min Comp+Farthest,74,72,-2
10403_results,Min Comp,Min Comp+ODAL,74,68,-6
10403_results,Min Comp,Min Comp+K-Center,74,100,26
10403_results,Centroids_saturation_high,Centroids_saturation_high+Top5Similarity,100,100,0
10403_results,Centroids_saturation_high,Centroids_saturation_high+Max Comp,100,100,0
10403_results,Centroids_saturation_high,Centroids_saturation_high+Min Comp,100,75,-25
10403_results,Centroids_saturation_high,Centroids_saturation_high+Centroids_saturation_medium,100,100,0
10403_results,Centroids_saturation_high,Centroids_saturation_high+Centroids_saturation_low,100,100,0
10403_results,Centroids_saturation_high,Centroids_saturation_high+Random,100,100,0
10403_results,Centroids_saturation_high,Centroids_saturation_high+LHS,100,100,0
10403_results,Centroids_saturation_high,Centroids_saturation_high+K-Means,100,100,0
10403_results,Centroids_saturation_high,Centroids_saturation_high+Farthest,100,100,0
10403_results,Centroids_saturation_high,Centroids_saturation_high+ODAL,100,92,-8
10403_results,Centroids_saturation_high,Centroids_saturation_high+K-Center,100,100,0
10403_results,Centroids_saturation_medium,Centroids_saturation_medium+Top5Similarity,97,99,2
10403_results,Centroids_saturation_medium,Centroids_saturation_medium+Max Comp,97,100,3
10403_results,Centroids_saturation_medium,Centroids_saturation_medium+Min Comp,97,62,-35
10403_results,Centroids_saturation_medium,Centroids_saturation_medium+Centroids_saturation_high,97,100,3
10403_results,Centroids_saturation_medium,Centroids_saturation_medium+Centroids_saturation_low,97,100,3
10403_results,Centroids_saturation_medium,Centroids_saturation_medium+Random,97,100,3
10403_results,Centroids_saturation_medium,Centroids_saturation_medium+LHS,97,84,-13
10403_results,Centroids_saturation_medium,Centroids_saturation_medium+K-Means,97,100,3
10403_results,Centroids_saturation_medium,Centroids_saturation_medium+Farthest,97,100,3
10403_results,Centroids_saturation_medium,Centroids_saturation_medium+ODAL,97,100,3
10403_results,Centroids_saturation_medium,Centroids_saturation_medium+K-Center,97,100,3
10403_results,Centroids_saturation_low,Centroids_saturation_low+Top5Similarity,78,100,22
10403_results,Centroids_saturation_low,Centroids_saturation_low+Max Comp,78,94,16
10403_results,Centroids_saturation_low,Centroids_saturation_low+Min Comp,78,61,-17
10403_results,Centroids_saturation_low,Centroids_saturation_low+Centroids_saturation_high,78,100,22
10403_results,Centroids_saturation_low,Centroids_saturation_low+Centroids_saturation_medium,78,100,22
10403_results,Centroids_saturation_low,Centroids_saturation_low+Random,78,100,22
10403_results,Centroids_saturation_low,Centroids_saturation_low+LHS,78,90,12
10403_results,Centroids_saturation_low,Centroids_saturation_low+K-Means,78,67,-11
10403_results,Centroids_saturation_low,Centroids_saturation_low+Farthest,78,93,15
10403_results,Centroids_saturation_low,Centroids_saturation_low+ODAL,78,52,-26
10403_results,Centroids_saturation_low,Centroids_saturation_low+K-Center,78,100,22
10403_results,Random,Random+Top5Similarity,100,100,0
10403_results,Random,Random+Max Comp,100,100,0
10403_results,Random,Random+Min Comp,100,95,-5
10403_results,Random,Random+Centroids_saturation_high,100,100,0
10403_results,Random,Random+Centroids_saturation_medium,100,100,0
10403_results,Random,Random+Centroids_saturation_low,100,100,0
10403_results,Random,Random+LHS,100,100,0
10403_results,Random,Random+K-Means,100,100,0
10403_results,Random,Random+Farthest,100,100,0
10403_results,Random,Random+ODAL,100,60,-40
10403_results,Random,Random+K-Center,100,100,0
10403_results,LHS,LHS+Top5Similarity,100,100,0
10403_results,LHS,LHS+Max Comp,100,100,0
10403_results,LHS,LHS+Min Comp,100,64,-36
10403_results,LHS,LHS+Centroids_saturation_high,100,100,0
10403_results,LHS,LHS+Centroids_saturation_medium,100,84,-16
10403_results,LHS,LHS+Centroids_saturation_low,100,90,-10
10403_results,LHS,LHS+Random,100,100,0
10403_results,LHS,LHS+K-Means,100,100,0
10403_results,LHS,LHS+Farthest,100,100,0
10403_results,LHS,LHS+ODAL,100,85,-15
10403_results,LHS,LHS+K-Center,100,100,0
10403_results,K-Means,K-Means+Top5Similarity,100,55,-45
10403_results,K-Means,K-Means+Max Comp,100,100,0
10403_results,K-Means,K-Means+Min Comp,100,65,-35
10403_results,K-Means,K-Means+Centroids_saturation_high,100,100,0
10403_results,K-Means,K-Means+Centroids_saturation_medium,100,100,0
10403_results,K-Means,K-Means+Centroids_saturation_low,100,67,-33
10403_results,K-Means,K-Means+Random,100,100,0
10403_results,K-Means,K-Means+LHS,100,100,0
10403_results,K-Means,K-Means+Farthest,100,35,-65
10403_results,K-Means,K-Means+ODAL,100,100,0
10403_results,K-Means,K-Means+K-Center,100,100,0
10403_results,Farthest,Farthest+Top5Similarity,100,50,-50
10403_results,Farthest,Farthest+Max Comp,100,100,0
10403_results,Farthest,Farthest+Min Comp,100,72,-28
10403_results,Farthest,Farthest+Centroids_saturation_high,100,100,0
10403_results,Farthest,Farthest+Centroids_saturation_medium,100,100,0
10403_results,Farthest,Farthest+Centroids_saturation_low,100,93,-7
10403_results,Farthest,Farthest+Random,100,100,0
10403_results,Farthest,Farthest+LHS,100,100,0
10403_results,Farthest,Farthest+K-Means,100,35,-65
10403_results,Farthest,Farthest+ODAL,100,100,0
10403_results,Farthest,Farthest+K-Center,100,100,0
10403_results,ODAL,ODAL+Top5Similarity,100,100,0
10403_results,ODAL,ODAL+Max Comp,100,52,-48
10403_results,ODAL,ODAL+Min Comp,100,68,-32
10403_results,ODAL,ODAL+Centroids_saturation_high,100,92,-8
10403_results,ODAL,ODAL+Centroids_saturation_medium,100,100,0
10403_results,ODAL,ODAL+Centroids_saturation_low,100,52,-48
10403_results,ODAL,ODAL+Random,100,60,-40
10403_results,ODAL,ODAL+LHS,100,85,-15
10403_results,ODAL,ODAL+K-Means,100,100,0
10403_results,ODAL,ODAL+Farthest,100,100,0
10403_results,ODAL,ODAL+K-Center,100,100,0
10403_results,K-Center,K-Center+Top5Similarity,100,100,0
10403_results,K-Center,K-Center+Max Comp,100,100,0
10403_results,K-Center,K-Center+Min Comp,100,100,0
10403_results,K-Center,K-Center+Centroids_saturation_high,100,100,0
10403_results,K-Center,K-Center+Centroids_saturation_medium,100,100,0
10403_results,K-Center,K-Center+Centroids_saturation_low,100,100,0
10403_results,K-Center,K-Center+Random,100,100,0
10403_results,K-Center,K-Center+LHS,100,100,0
10403_results,K-Center,K-Center+K-Means,100,100,0
10403_results,K-Center,K-Center+Farthest,100,100,0
10403_results,K-Center,K-Center+ODAL,100,100,0
